62;Gibson
31;Mel
23;b'RT
11;"b""RT"
8;movie
7;amp
7;like
6;Claus
5;b'@camilluddington
5;b'@clairemcnear
5;camilluddington
5;got
5;Jack
5;one
5;Santa
5;trailer
5;want
4;assassin
4;Fatman
4;gibson
4;hired
4;make
4;now
4;Pence
3;back
3;battles
3;can
3;cool
3;CultureCrave
3;First
3;Harris
3;jcmanuel2323
3;Kamala
3;kid
3;lump\xe2\x80\xa6
3;might
3;new
3;play
3;playing
3;pleaseee
3;ring
3;round
3;see
3;since
3;starring
3;time
3;umterps
3;watch
3;will
3;wins
3;xe2\x9d\xa4\xef\xb8\x8f\xe2\x9d\xa4\xef\xb8\x8f\xe2\x9d\xa4\xef\xb8\x8f\xf0\x9f\xa4\x9e\xf0\x9f\x8f\xbb\xf0\x9f\xa4\x9e\xf0\x9f\x8f\xbb
3;xf0\x9f\x8e\x85\n\nSanta
2;0
2;absolutely
2;analytics
2;Antonio
2;"b""@clairemcnear"
2;b'@Melo_Gibson
2;b'@MP_Gibson
2;b'I
2;b'like
2;b'Mel
2;basketball
2;bench
2;blu_lula
2;career
2;carries):\n\n1
2;championship
2;clairemcnear
2;clapped
2;comment
2;Created
2;DavidZach16
2;deserves
2;don\xe2\x80\x99t
2;exactly
2;first
2;fuck
2;get
2;gibson's
2;Goggins
2;going
2;Hall
2;HayesBrown
2;high
2;hope
2;James
2;just
2;Just
2;life
2;long
2;look
2;louispatronum
2;love
2;MalcolmFresh
2;mel
2;min
2;Movie
2;movies
2;never
2;niggas
2;okay
2;p\xe2\x80\xa6
2;Paul
2;President
2;quarter
2;real
2;really
2;right
2;Robinso\xe2\x80\xa6
2;rookies
2;room
2;season
2;set
2;shame
2;Shared
2;think
2;Top
2;Walton
2;way
2;woman
2;Yards
1;10th
1;12\xe2\x80\xa6
1;14x5
1;1950s
1;8\xe2\x80\xa6
1;8th
1;90s
1;accept
1;access
1;Ackerman1120
1;across
1;acting
1;actors
1;actually
1;admit
1;Aersomtih's
1;akdobbins
1;Alex
1;almost
1;Alnico
1;also
1;Also
1;Althea
1;Althea's
1;amps\nhttps://t.co/NXon4tglm1
1;Andrews
1;angry
1;annihilation
1;annoys
1;another
1;antisemitic
1;anybody
1;anything
1;arbitrary
1;arrived
1;assholes
1;Att\xe2\x80\xa6
1;available
1;avoid
1;awful
1;"b""@Bill_TPA"
1;"b""@danmorse"
1;"b""@katie_cammm"
1;"b""@thejasonkirk"
1;"b""For"
1;"b""Holy"
1;"b""I"
1;"b""So"
1;b'1954
1;b'@allinkid
1;b'@BallBlastEm
1;b'@carolina_fujiy
1;b'@choconipnigga
1;b'@DavisKakki
1;b'@fel_gibson
1;b'@GOPLeader
1;b'@HayesBrown
1;b'@jameshirst91
1;b'@jocahri
1;b'@KELVlN_FILTER
1;b'@KrankyKanuck
1;b'@krautquesaDILLa
1;b'@loganb
1;b'@MalcolmFresh
1;b'@MiKeMeUpP
1;b'@MnNiceFC
1;b'@robr0013
1;b'@Romans_Gibson
1;b'@RosterWatch
1;b'@TheBigPic
1;b'Adoption
1;b'Also
1;b'Been
1;b'Colin
1;b'Esse
1;b'Gibson\xe2\x80\x99s
1;b'Guitar
1;b'If
1;b'New
1;b'O
1;b'Oh
1;b'Traded
1;b'Very
1;b'Whole
1;b\xe2\x80\xa6
1;B\xe2\x80\xa6
1;badassiee
1;BaddCompani
1;barrier
1;battle
1;began
1;beloved
1;Ben
1;benshapiro
1;best
1;better
1;BigSexy
1;bitter
1;black
1;Bob
1;boy
1;boycott
1;break
1;breast
1;bringing
1;broke
1;but...holy
1;called
1;came
1;Came
1;Can
1;Can\xe2\x80\x99t
1;cancelled
1;cancer
1;cast
1;casting
1;Casting
1;CelisseMusic
1;champion
1;channel
1;charliekirk11
1;CHECK
1;Check
1;claudssmile
1;claus
1;clip
1;Cody
1;colors
1;colour
1;comes
1;coming
1;Commentary
1;complete
1;concert\xe2\x80\xa6
1;condescending
1;Conway
1;Cool
1;coverage
1;COVID
1;cows
1;cylinder
1;Damon
1;dbongino
1;DDO
1;deadly
1;decision\n\nThis
1;decisively
1;deep
1;deleted
1;demoted
1;development\xe2\x80\xa6
1;Die
1;die
1;dillcompound
1;divorce
1;doe
1;don\'t
1;DOYCHE
1;drafted
1;dynasty
1;easing
1;eff
1;EmilyWolfeMusic
1;enough
1;era
1;ericgarland
1;especially
1;everybody
1;everything
1;evisceration
1;executives
1;experience
1;fact
1;FACT
1;fake
1;faking
1;fall
1;Fame
1;Famer
1;family
1;fan
1;fancied
1;FATMAN
1;feature
1;Featuring
1;figure
1;film
1;filme
1;find
1;finish
1;finished
1;forever
1;forgive
1;found
1;friends
1;fucking
1;Full
1;fun
1;FunkQuasar
1;funnier
1;Funny
1;future
1;gain
1;Gary
1;gas
1;gave
1;generally
1;gets
1;GIANT
1;Gibbs
1;Gibson's
1;Gibson...but
1;Gibson\xe2\x80\x99s
1;GIE1281\n\n$15,900.00\n\n1954
1;God\xe2\x80\x99s
1;goes
1;gone
1;good
1;goofy
1;GOPChairwoman
1;Gorgeous
1;Got
1;GotToFollowHim
1;Grey
1;group
1;guaranteed
1;GuinnessSixNati\xe2\x80\xa6
1;guitar
1;guitars
1;GuitarWorld
1;guts
1;guys
1;HalpernAlex
1;hand
1;hands
1;HARD
1;hard
1;hate
1;he\'s
1;heard
1;hell
1;help
1;Helped
1;Herzog
1;Hey
1;Hi\xe2\x80\xa6
1;history
1;hit
1;holy
1;horrivel
1;hotel
1;How's\xe2\x80\xa6
1;https://t.co/1X7Cyez96Z
1;https://t.co/69y61vRLaQ
1;https://t.co/8zZLTDnxES
1;https://t.co/9fwjyEm6Lw
1;https://t.co/b2zE1y3656
1;https://t.co/cAYtkZN92g
1;https://t.co/cJSBKUFv5Z
1;https://t.co/csl4obXDiZ
1;https://t.co/E1DZgr7GtL
1;https://t.co/gFCj8zMjtN
1;https://t.co/GLZGKVu49V
1;https://t.co/hhTneOruZr
1;https://t.co/HLoZXmQDC0
1;https://t.co/iFr9dOT1q8
1;https://t.co/JE1kunTOPN
1;https://t.co/KBZD0h2SpC
1;https://t.co/KWAhfGLkxg
1;https://t.co/mYMCEStPVL
1;https://t.co/nbzG8stgtk
1;https://t.co/O9ceT3tlPg
1;https://t.co/oBF35X7VzN
1;https://t.co/PmKpQuCP2U
1;https://t.co/PrJ1IrTiwe
1;https://t.co/q8RbvaROrd
1;https://t.co/qfdg45iOpZ
1;https://t.co/rV4ououIFW
1;https://t.co/rYcBttwxwY
1;https://t.co/T0g5Unt4Xy
1;https://t.co/T58TdJsYXB
1;https://t.co/UauPXwkWKN
1;https://t.co/Wd0lUugvDJ
1;https://t.co/xJywY1ET9q
1;https://t.co/XWPx7p6lHQ
1;https://t.co/XXcwUUETH9
1;https://t.co/xyMnPL5Ii3
1;https://t.co/y0wpid6VPR
1;https://t.co/YwxFAhyQpe
1;https://t.co/ZJfczbravP
1;https://t.co\xe2\x80\xa6
1;https:/\xe2\x80\xa6
1;huge
1;I\'ve
1;I\xe2\x80\x99ll
1;I\xe2\x80\x99m
1;I\xe2\x80\x99ve
1;i\xe2\x80\x99ve
1;IamRod
1;If\xe2\x80\xa6
1;IGN
1;imessage
1;in\xe2\x80\xa6
1;includes
1;incredibly
1;industry
1;inste\xe2\x80\xa6
1;internalising
1;Ireland's
1;IRL
1;irritates
1;ish
1;IsiahThomas
1;jack
1;Jo\xe2\x80\xa6
1;job
1;Joe
1;Johnny
1;JomezPro
1;Jones
1;kayleighmcenany
1;keen
1;Kelce
1;kills
1;kind-hearted
1;Kinda
1;KingJames
1;Kirk
1;kissing
1;knowledge
1;known
1;L5-CES
1;L5-CES\n\nSKU
1;lakings
1;leader
1;leads
1;league
1;least
1;left
1;Les
1;lifting
1;living
1;Lizot\xe2\x80\xa6
1;locked
1;looks
1;loved
1;lucky
1;Madrid
1;makes
1;man.\xe2\x80\x99\n\nThen
1;manager
1;Mark
1;massive
1;may
1;McBeth
1;member
1;Mike
1;milk
1;Miller
1;MLB
1;moley
1;monitoring
1;morning
1;motivation
1;mourn
1;movie.\n\nIt's
1;must
1;my\xe2\x80\xa6
1;n\n1
1;n\n2
1;N\xe2\x80\xa6
1;Nashville
1;NBA
1;need
1;nLater
1;normal
1;number
1;of\xe2\x80\xa6
1;Official
1;Oldman
1;Opening
1;Opinions
1;orianthi
1;outlined
1;owned
1;PalpatineEdward
1;pass
1;passing
1;pavl\xe2\x80\xa6
1;paying
1;percent
1;Perkins
1;Perry
1;person
1;phone
1;pick
1;picked
1;pickups
1;pierce
1;plagued
1;PlanetRugby
1;players.\n\n\xf0\x9f\x93\x8b
1;POS
1;positive
1;ppr
1;probably
1;probationary
1;problem
1;profile
1;projects
1;proud
1;put
1;QueenGathoni
1;question..Juju
1;RareExports
1;realDonaldTrump
1;RealTalkKim
1;reason
1;refuse
1;Right
1;RiotAzael
1;RitaWilson
1;Rock
1;Roger
1;ruining
1;RyanAFournier
1;Salem
1;sanleyd
1;sasha
1;say
1;scene
1;school
1;SeanFennessey
1;seems
1;SEMPERscotland
1;ser
1;Series
1;Sexton
1;Shapiro
1;sharp
1;ShawnIsDope
1;she\xe2\x80\xa6
1;ship
1;shit
1;shitbags
1;showe\xe2\x80\xa6
1;Simon
1;six
1;Sl\xe2\x80\xa6
1;Slingerland
1;slingerlanddrums\xe2\x80\xa6
1;smash
1;soheil_madadi
1;sold
1;sometimes
1;sought-after
1;sounds
1;speakers
1;spinning
1;squad
1;stand
1;stanleycup
1;star
1;started
1;Station
1;status
1;stella
1;stick
1;still
1;Stone
1;Stop
1;StuckOnYou...\xe2\x9d\xa4\xef\xb8\x8f\xe2\x9d\xa4\xef\xb8\x8f\xe2\x9d\xa4\xef\xb8\x8f
1;Sunburst
1;Suning
1;Superiority
1;sure
1;swapped
1;swore
1;Takes
1;talk
1;taylor.......but
1;team
1;tell
1;tennis
1;th\xe2\x80\xa6
1;ThatEricAlper
1;theater*\n\n*once
1;There\xe2\x80\x99s
1;things
1;third
1;this\n\nHa
1;TL\xe2\x80\xa6
1;today
1;trade
1;Trailer
1;trailers
1;true
1;TV
1;tv
1;Two
1;two-time
1;uncapped
1;Update
1;used
1;vai
1;Venus
1;ver
1;via
1;vibe
1;Vice
1;viral
1;virtual
1;vote\xe2\x80\xa6
1;vou
1;w\xe2\x80\xa6
1;want\xe2\x80\xa6
1;wasn\xe2\x80\x99t
1;waste
1;watching
1;we\'re
1;we\xe2\x80\xa6
1;weights
1;well
1;went
1;WFFHQ
1;Whitey
1;whose
1;Williams
1;win
1;winning
1;witnessing
1;wits
1;Women
1;women!\n\nI
1;World
1;wouldve
1;Wow.\n\nFirst
1;xe2\x80\x98Gathoni
1;xe2\x80\x9cmaybe\xe2\x80\x9d
1;xe2\x98\x98\xef\xb8\x8f
1;xf0\x9f\x98\x82
1;xf0\x9f\x98\x82\xf0\x9f\x98\x82\xf0\x9f\x98\x82
1;xf0\x9f\xa4\xb7\xf0\x9f\x8f\xbd\xe2\x80\x8d\xe2\x99\x82\xef\xb8\x8f
1;you\xe2\x80\x99re
1;you\xe2\x80\xa6
1;YouTube
1;ZevShalev
